USE opored;

-- Core data --

INSERT INTO bulletin_boards
(id, name, description, is_deleted)
VALUES(1, 'Tablón de Auxiliar Administrativo Junta de Castilla y León', NULL, 0);
INSERT INTO bulletin_boards
(id, name, description, is_deleted)
VALUES(2, 'Tablón de Técnico Auxiliar de Informática del Estado', NULL, 0);
INSERT INTO bulletin_boards
(id, name, description, is_deleted)
VALUES(3, 'Tablón de Administrativo del Estado', NULL, 0);
INSERT INTO bulletin_boards
(id, name, description, is_deleted)
VALUES(4, 'Tablón de Tramitación Procesal', NULL, 0);
INSERT INTO bulletin_boards
(id, name, description, is_deleted)
VALUES(5, 'Tablón de Auxiliar Administrativo SACYL', NULL, 0);
INSERT INTO bulletin_boards
(id, name, description, is_deleted)
VALUES(6, 'Tablón de Ingeniero técnico agrícola Junta de Castilla y León', NULL, 0);
INSERT INTO bulletin_boards
(id, name, description, is_deleted)
VALUES(7, 'Tablón de Maestro La Rioja', NULL, 0);
INSERT INTO bulletin_boards
(id, name, description, is_deleted)
VALUES(8, 'Tablón de Resto de oposiciones', NULL, 0);
INSERT INTO bulletin_boards
(id, name, description, is_deleted)
VALUES(9, 'Tablón de anuncios de Prueba', 'Prueba', 1);
INSERT INTO bulletin_boards
(id, name, description, is_deleted)
VALUES(10, 'Tablón de anuncios de Policía Nacional', 'Preparación de oposiciones para el cuerpo de Policía Nacional', 0);
INSERT INTO bulletin_boards
(id, name, description, is_deleted)
VALUES(11, 'Tablón de anuncios de Policía Local y Municipal', 'Preparación de oposiciones para los cuerpos de Policía Local y Municipal', 0);
INSERT INTO bulletin_boards
(id, name, description, is_deleted)
VALUES(12, 'Tablón de anuncios de Bomberos', 'Preparación de oposiciones para el cuerpo de Bomberos', 0);
INSERT INTO bulletin_boards
(id, name, description, is_deleted)
VALUES(13, 'Tablón de anuncios de Guardia Civil', 'Preparación de oposiciones para el cuerpo de Guardia Civil', 0);
INSERT INTO bulletin_boards
(id, name, description, is_deleted)
VALUES(14, 'Tablón de anuncios de Auxiliar Administrativo', 'Preparación de oposiciones para el cuerpo de Auxiliar Administrativo', 0);
INSERT INTO bulletin_boards
(id, name, description, is_deleted)
VALUES(15, 'Tablón de anuncios de Administrativo', 'Preparación de oposiciones para el cuerpo de Administrativo', 0);
INSERT INTO bulletin_boards
(id, name, description, is_deleted)
VALUES(16, 'Tablón de anuncios de Técnico de gestión', 'Preparación de oposiciones para el cuerpo de Técnico de Gestión', 0);
INSERT INTO bulletin_boards
(id, name, description, is_deleted)
VALUES(17, 'Tablón de anuncios de Superior de Administración General', 'Preparación de oposiciones para el cuerpo Superior de Administración General', 0);
INSERT INTO bulletin_boards
(id, name, description, is_deleted)
VALUES(18, 'Tablón de anuncios de Auxilio Judicial', 'Preparación de oposiciones para el cuerpo de Auxilio Judicial', 0);
INSERT INTO bulletin_boards
(id, name, description, is_deleted)
VALUES(19, 'Tablón de anuncios de Tramitación procesal', 'Preparación de oposiciones para el cuerpo de Tramitación procesal', 0);
INSERT INTO bulletin_boards
(id, name, description, is_deleted)
VALUES(20, 'Tablón de anuncios de Gestión procesal', 'Preparación de oposiciones para el cuerpo de Gestión procesal', 0);
INSERT INTO bulletin_boards
(id, name, description, is_deleted)
VALUES(21, 'Tablón de anuncios de Celador', 'Preparación de oposiciones para el cuerpo de Celador', 0);
INSERT INTO bulletin_boards
(id, name, description, is_deleted)
VALUES(22, 'Tablón de anuncios de TCAE', 'Preparación de oposiciones para el cuerpo de Técnico en Cuidados Auxiliares de Enfermería', 0);
INSERT INTO bulletin_boards
(id, name, description, is_deleted)
VALUES(23, 'Tablón de anuncios de Enfermero', 'Preparación de oposiciones para el cuerpo de Enfermero', 0);
INSERT INTO bulletin_boards
(id, name, description, is_deleted)
VALUES(24, 'Tablón de anuncios de Médico', 'Preparación de oposiciones para el cuerpo de Médicos', 0);
INSERT INTO bulletin_boards
(id, name, description, is_deleted)
VALUES(25, 'Tablón de anuncios de Maestros Educación Infantil', 'Preparación de oposiciones para el cuerpo de Maestros de Educación Infantil', 0);
INSERT INTO bulletin_boards
(id, name, description, is_deleted)
VALUES(26, 'Tablón de anuncios de Maestros Educación Primaria', 'Preparación de oposiciones para el cuerpo de Maestros de Educación Primaria', 0);
INSERT INTO bulletin_boards
(id, name, description, is_deleted)
VALUES(27, 'Tablón de anuncios de Profesores Secundaria', 'Profesores Secundaria', 0);
INSERT INTO bulletin_boards
(id, name, description, is_deleted)
VALUES(28, 'Tablón de anuncios de Informático/Programador', 'Preparación de oposiciones para la AGE en puestos técnicos relacionados con la informática', 0);
INSERT INTO bulletin_boards
(id, name, description, is_deleted)
VALUES(29, 'Tablón de anuncios de Ingeniero/Arquitecto Técnico', 'Preparación de oposiciones para la AGE en puestos técnicos relacionados con ingenierías técnicas', 0);
INSERT INTO bulletin_boards
(id, name, description, is_deleted)
VALUES(30, 'Tablón de anuncios de Trabajador Social', 'Preparación de oposiciones para el cuerpo técnico de Trabajadores Sociales', 0);
INSERT INTO bulletin_boards
(id, name, description, is_deleted)
VALUES(31, 'Tablón de anuncios de Bibliotecario', 'Preparación de oposiciones para el cuerpo técnico de Bibliotecarios', 0);
INSERT INTO bulletin_boards
(id, name, description, is_deleted)
VALUES(32, 'Tablón de anuncios de Conductor', 'Preparación de oposiciones para el cuerpo operativo de Conductores', 0);
INSERT INTO bulletin_boards
(id, name, description, is_deleted)
VALUES(33, 'Tablón de anuncios de Operario de Servicios Múltiples', 'Preparación de oposiciones para el cuerpo operativo de Operarios de Servicios Múltiples', 0);
INSERT INTO bulletin_boards
(id, name, description, is_deleted)
VALUES(34, 'Tablón de anuncios de Limpiador', 'Preparación de oposiciones para el cuerpo operativo de Limpiadores', 0);
INSERT INTO bulletin_boards
(id, name, description, is_deleted)
VALUES(35, 'Tablón de anuncios de Enfermero CyL', 'Preparación de oposiciones para el cuerpo de Enfermeros en la Comunidad de Castilla y León', 0);
INSERT INTO bulletin_boards
(id, name, description, is_deleted)
VALUES(36, 'Tablón de anuncios de TCAE SACYL', 'Preparación de oposiciones para el cuerpo de Técnico en Cuidados Auxiliares de Enfermería en el SACYL', 0);
INSERT INTO bulletin_boards
(id, name, description, is_deleted)
VALUES(37, 'Tablón de anuncios de Técnico Superior Sanitario SACYL', 'Preparación de oposiciones para el cuerpo de Técnico Superior Sanitario en el SACYL', 0);
INSERT INTO bulletin_boards
(id, name, description, is_deleted)
VALUES(38, 'Tablón de anuncios de Técnico de Administración General CyL', 'Preparación de oposiciones para el cuerpo de Técnico de Administración General en la Comunidad de Castilla y León', 0);
INSERT INTO bulletin_boards
(id, name, description, is_deleted)
VALUES(39, 'Tablón de anuncios de Superior de Administración General Cyl', 'Preparación de oposiciones para el cuerpo Superior de Administración General en la Comunidad de Castilla y León', 0);
INSERT INTO bulletin_boards
(id, name, description, is_deleted)
VALUES(40, 'Tablón de anuncios de Gestión de Administración General CyL', 'Preparación de oposiciones para el cuerpo de Gestión de Administración General en la Comunidad de Castilla y León', 0);
INSERT INTO bulletin_boards
(id, name, description, is_deleted)
VALUES(41, 'Tablón de anuncios de Auxiliar Administrativo CyL', 'Preparación de oposiciones para el cuerpo de Auxiliar Administrativo en la Comunidad de Castilla y León', 0);
INSERT INTO bulletin_boards
(id, name, description, is_deleted)
VALUES(42, 'Tablón de anuncios de Maestros Educación Infantil CyL', 'Preparación de oposiciones para el cuerpo de Maestros de Educación Infantil en la Comunidad de Castilla y León', 0);
INSERT INTO bulletin_boards
(id, name, description, is_deleted)
VALUES(43, 'Tablón de anuncios de Maestros Educación Primaria CyL', 'Preparación de oposiciones para el cuerpo de Maestros de Educación Primaria en la Comunidad de Castilla y León', 0);
INSERT INTO bulletin_boards
(id, name, description, is_deleted)
VALUES(44, 'Tablón de anuncios de Profesores Secundaria CyL', 'Preparación de oposiciones para el cuerpo de Profesores de Secundaria', 0);
INSERT INTO bulletin_boards
(id, name, description, is_deleted)
VALUES(45, 'Tablón de anuncios de Profesores Secundaria CyL', 'Preparación de oposiciones para el cuerpo de Profesores de Secundaria', 0);
INSERT INTO bulletin_boards
(id, name, description, is_deleted)
VALUES(46, 'Tablón de anuncios de Gestión de Administración General La Rioja', 'Preparación de oposiciones para el cuerpo de Gestión de Administración General en la Comunidad de La Rioja', 0);
INSERT INTO bulletin_boards
(id, name, description, is_deleted)
VALUES(47, 'Tablón de anuncios de Auxiliar Administrativo La Rioja', 'Preparación de oposiciones para el cuerpo de Auxiliar Administrativo en la Comunidad de La Rioja', 0);
INSERT INTO bulletin_boards
(id, name, description, is_deleted)
VALUES(48, 'Tablón de anuncios de Educador Social', 'Preparación de oposiciones para el cuerpo de Educadores Sociales', 0);
INSERT INTO bulletin_boards
(id, name, description, is_deleted)
VALUES(49, 'Tablón de anuncios de Personal de Servicios Sociales', 'Preparación de oposiciones para el cuerpo de Personal de Servicios Sociales', 0);
INSERT INTO bulletin_boards
(id, name, description, is_deleted)
VALUES(50, 'Tablón de anuncios de Técnico de Medio Ambiente', 'Preparación de oposiciones para el cuerpo de Técnicos de Medio Ambiente', 0);
INSERT INTO bulletin_boards
(id, name, description, is_deleted)
VALUES(51, 'Tablón de anuncios de Agente Medioambiental', 'Preparación de oposiciones para el cuerpo de Agentes Medioambientales', 0);
INSERT INTO bulletin_boards
(id, name, description, is_deleted)
VALUES(52, 'Tablón de anuncios de Resto de oposiciones', 'Preparación de otras oposiciones no presentes en el listado actual', 0);
INSERT INTO bulletin_boards
(id, name, description, is_deleted)
VALUES(53, 'Tablón de anuncios de Oposición para anuncios sin categorizar', 'Oposición oculta para recoger los anuncios no categorizados', 0);
INSERT INTO bulletin_boards
(id, name, description, is_deleted)
VALUES(54, 'Tablón de anuncios de Medicina La Rioja', 'Preparación de oposiciones para el cuerpo de Médicos en la Comunidad de La Rioja', 0);

INSERT INTO forums
(id, name, description, is_deleted)
VALUES(1, 'Foro de Auxiliar administrativo', NULL, 0);
INSERT INTO forums
(id, name, description, is_deleted)
VALUES(2, 'Foro de Técnico Auxiliar de Informática del Estado', 'Preparación de oposiciones para el cuerpo de Técnico Auxiliar de Informática del Estado', 0);
INSERT INTO forums
(id, name, description, is_deleted)
VALUES(3, 'Foro de Administrativo del Estado', 'Preparación de oposiciones para el cuerpo de Administrativo del Estado', 0);
INSERT INTO forums
(id, name, description, is_deleted)
VALUES(4, 'Foro de Tramitación Procesal', 'Preparación de oposiciones para el cuerpo de Tramitación Procesal de la Administración de Justicia', 0);
INSERT INTO forums
(id, name, description, is_deleted)
VALUES(5, 'Foro de Auxiliar Administrativo SACYL', 'Preparación de oposiciones para el cuerpo de Auxiliar Administrativo del SACYL', 0);
INSERT INTO forums
(id, name, description, is_deleted)
VALUES(6, 'Foro de Ingeniero técnico agrícola Junta de Castilla y León', 'Preparación de oposiciones para el cuerpo de Ingenieros Técnicos Agrícolas de Castilla y León', 0);
INSERT INTO forums
(id, name, description, is_deleted)
VALUES(7, 'Foro de Maestro La Rioja', 'Preparación de oposiciones para el cuerpo de Maestros de La Rioja', 0);
INSERT INTO forums
(id, name, description, is_deleted)
VALUES(8, 'Foro de Resto de oposiciones', 'Oposiciones sin grupo específico', 0);
INSERT INTO forums
(id, name, description, is_deleted)
VALUES(9, 'patata', 'string', 1);
INSERT INTO forums
(id, name, description, is_deleted)
VALUES(10, 'Foro de Policía Nacional', 'Preparación de oposiciones para el cuerpo de Policía Nacional', 0);
INSERT INTO forums
(id, name, description, is_deleted)
VALUES(11, 'Foro de Policía Local y Municipal', 'Preparación de oposiciones para los cuerpos de Policía Local y Municipal', 0);
INSERT INTO forums
(id, name, description, is_deleted)
VALUES(12, 'Foro de Bomberos', 'Preparación de oposiciones para el cuerpo de Bomberos', 0);
INSERT INTO forums
(id, name, description, is_deleted)
VALUES(13, 'Foro de Guardia Civil', 'Preparación de oposiciones para el cuerpo de Guardia Civil', 0);
INSERT INTO forums
(id, name, description, is_deleted)
VALUES(14, 'Foro de Auxiliar Administrativo', 'Preparación de oposiciones para el cuerpo de Auxiliar Administrativo', 0);
INSERT INTO forums
(id, name, description, is_deleted)
VALUES(15, 'Foro de Administrativo', 'Preparación de oposiciones para el cuerpo de Administrativo', 0);
INSERT INTO forums
(id, name, description, is_deleted)
VALUES(16, 'Foro de Técnico de gestión', 'Preparación de oposiciones para el cuerpo de Técnico de Gestión', 0);
INSERT INTO forums
(id, name, description, is_deleted)
VALUES(17, 'Foro de Superior de Administración General', 'Preparación de oposiciones para el cuerpo Superior de Administración General', 0);
INSERT INTO forums
(id, name, description, is_deleted)
VALUES(18, 'Foro de Auxilio Judicial', 'Preparación de oposiciones para el cuerpo de Auxilio Judicial', 0);
INSERT INTO forums
(id, name, description, is_deleted)
VALUES(19, 'Foro de Tramitación procesal', 'Preparación de oposiciones para el cuerpo de Tramitación procesal', 0);
INSERT INTO forums
(id, name, description, is_deleted)
VALUES(20, 'Foro de Gestión procesal', 'Preparación de oposiciones para el cuerpo de Gestión procesal', 0);
INSERT INTO forums
(id, name, description, is_deleted)
VALUES(21, 'Foro de Celador', 'Preparación de oposiciones para el cuerpo de Celador', 0);
INSERT INTO forums
(id, name, description, is_deleted)
VALUES(22, 'Foro de TCAE', 'Preparación de oposiciones para el cuerpo de Técnico en Cuidados Auxiliares de Enfermería', 0);
INSERT INTO forums
(id, name, description, is_deleted)
VALUES(23, 'Foro de Enfermero', 'Preparación de oposiciones para el cuerpo de Enfermero', 0);
INSERT INTO forums
(id, name, description, is_deleted)
VALUES(24, 'Foro de Médico', 'Preparación de oposiciones para el cuerpo de Médicos', 0);
INSERT INTO forums
(id, name, description, is_deleted)
VALUES(25, 'Foro de Maestros Educación Infantil', 'Preparación de oposiciones para el cuerpo de Maestros de Educación Infantil', 0);
INSERT INTO forums
(id, name, description, is_deleted)
VALUES(26, 'Foro de Maestros Educación Primaria', 'Preparación de oposiciones para el cuerpo de Maestros de Educación Primaria', 0);
INSERT INTO forums
(id, name, description, is_deleted)
VALUES(27, 'Foro de Profesores Secundaria', 'Profesores Secundaria', 0);
INSERT INTO forums
(id, name, description, is_deleted)
VALUES(28, 'Foro de Informático/Programador', 'Preparación de oposiciones para la AGE en puestos técnicos relacionados con la informática', 0);
INSERT INTO forums
(id, name, description, is_deleted)
VALUES(29, 'Foro de Ingeniero/Arquitecto Técnico', 'Preparación de oposiciones para la AGE en puestos técnicos relacionados con ingenierías técnicas', 0);
INSERT INTO forums
(id, name, description, is_deleted)
VALUES(30, 'Foro de Trabajador Social', 'Preparación de oposiciones para el cuerpo técnico de Trabajadores Sociales', 0);
INSERT INTO forums
(id, name, description, is_deleted)
VALUES(31, 'Foro de Bibliotecario', 'Preparación de oposiciones para el cuerpo técnico de Bibliotecarios', 0);
INSERT INTO forums
(id, name, description, is_deleted)
VALUES(32, 'Foro de Conductor', 'Preparación de oposiciones para el cuerpo operativo de Conductores', 0);
INSERT INTO forums
(id, name, description, is_deleted)
VALUES(33, 'Foro de Operario de Servicios Múltiples', 'Preparación de oposiciones para el cuerpo operativo de Operarios de Servicios Múltiples', 0);
INSERT INTO forums
(id, name, description, is_deleted)
VALUES(34, 'Foro de Limpiador', 'Preparación de oposiciones para el cuerpo operativo de Limpiadores', 0);
INSERT INTO forums
(id, name, description, is_deleted)
VALUES(35, 'Foro de Enfermero CyL', 'Preparación de oposiciones para el cuerpo de Enfermeros en la Comunidad de Castilla y León', 0);
INSERT INTO forums
(id, name, description, is_deleted)
VALUES(36, 'Foro de TCAE SACYL', 'Preparación de oposiciones para el cuerpo de Técnico en Cuidados Auxiliares de Enfermería en el SACYL', 0);
INSERT INTO forums
(id, name, description, is_deleted)
VALUES(37, 'Foro de Técnico Superior Sanitario SACYL', 'Preparación de oposiciones para el cuerpo de Técnico Superior Sanitario en el SACYL', 0);
INSERT INTO forums
(id, name, description, is_deleted)
VALUES(38, 'Foro de Técnico de Administración General CyL', 'Preparación de oposiciones para el cuerpo de Técnico de Administración General en la Comunidad de Castilla y León', 0);
INSERT INTO forums
(id, name, description, is_deleted)
VALUES(39, 'Foro de Superior de Administración General Cyl', 'Preparación de oposiciones para el cuerpo Superior de Administración General en la Comunidad de Castilla y León', 0);
INSERT INTO forums
(id, name, description, is_deleted)
VALUES(40, 'Foro de Gestión de Administración General CyL', 'Preparación de oposiciones para el cuerpo de Gestión de Administración General en la Comunidad de Castilla y León', 0);
INSERT INTO forums
(id, name, description, is_deleted)
VALUES(41, 'Foro de Auxiliar Administrativo CyL', 'Preparación de oposiciones para el cuerpo de Auxiliar Administrativo en la Comunidad de Castilla y León', 0);
INSERT INTO forums
(id, name, description, is_deleted)
VALUES(42, 'Foro de Maestros Educación Infantil CyL', 'Preparación de oposiciones para el cuerpo de Maestros de Educación Infantil en la Comunidad de Castilla y León', 0);
INSERT INTO forums
(id, name, description, is_deleted)
VALUES(43, 'Foro de Maestros Educación Primaria CyL', 'Preparación de oposiciones para el cuerpo de Maestros de Educación Primaria en la Comunidad de Castilla y León', 0);
INSERT INTO forums
(id, name, description, is_deleted)
VALUES(44, 'Foro de Profesores Secundaria CyL', 'Preparación de oposiciones para el cuerpo de Profesores de Secundaria', 0);
INSERT INTO forums
(id, name, description, is_deleted)
VALUES(45, 'Foro de Profesores Secundaria CyL', 'Preparación de oposiciones para el cuerpo de Profesores de Secundaria', 0);
INSERT INTO forums
(id, name, description, is_deleted)
VALUES(46, 'Foro de Gestión de Administración General La Rioja', 'Preparación de oposiciones para el cuerpo de Gestión de Administración General en la Comunidad de La Rioja', 0);
INSERT INTO forums
(id, name, description, is_deleted)
VALUES(47, 'Foro de Auxiliar Administrativo La Rioja', 'Preparación de oposiciones para el cuerpo de Auxiliar Administrativo en la Comunidad de La Rioja', 0);
INSERT INTO forums
(id, name, description, is_deleted)
VALUES(48, 'Foro de Educador Social', 'Preparación de oposiciones para el cuerpo de Educadores Sociales', 0);
INSERT INTO forums
(id, name, description, is_deleted)
VALUES(49, 'Foro de Personal de Servicios Sociales', 'Preparación de oposiciones para el cuerpo de Personal de Servicios Sociales', 0);
INSERT INTO forums
(id, name, description, is_deleted)
VALUES(50, 'Foro de Técnico de Medio Ambiente', 'Preparación de oposiciones para el cuerpo de Técnicos de Medio Ambiente', 0);
INSERT INTO forums
(id, name, description, is_deleted)
VALUES(51, 'Foro de Agente Medioambiental', 'Preparación de oposiciones para el cuerpo de Agentes Medioambientales', 0);
INSERT INTO forums
(id, name, description, is_deleted)
VALUES(52, 'Foro de Resto de oposiciones', 'Preparación de otras oposiciones no presentes en el listado actual', 0);
INSERT INTO forums
(id, name, description, is_deleted)
VALUES(53, 'Foro de Oposición para anuncios sin categorizar', 'Oposición oculta para recoger los anuncios no categorizados', 0);
INSERT INTO forums
(id, name, description, is_deleted)
VALUES(54, 'Foro de Medicina La Rioja', 'Preparación de oposiciones para el cuerpo de Médicos en la Comunidad de La Rioja', 0);

INSERT INTO categories
(id, name, description, is_deleted)
VALUES(1, 'Oposiciones estatales', 'Oposiciones y cuerpos de funcionarios a nivel estatal', 0);
INSERT INTO categories
(id, name, description, is_deleted)
VALUES(2, 'Oposiciones de la Junta de Castilla y León', 'Oposiciones y cuerpos de funcionarios a nivel de la comunidad autónoma de Castilla y León', 0);
INSERT INTO categories
(id, name, description, is_deleted)
VALUES(3, 'Oposiciones del Gobierno de la Rioja', 'Oposiciones y cuerpos de funcionarios a nivel de la comunidad Autónoma de La Rioja', 0);
INSERT INTO categories
(id, name, description, is_deleted)
VALUES(4, 'Oposiciones generales', 'Resto de oposiciones no incluidas en otras categorías', 0);
INSERT INTO categories
(id, name, description, is_deleted)
VALUES(10, 'Categoría de prueba', 'Categoría de prueba', 0);
INSERT INTO categories
(id, name, description, is_deleted)
VALUES(11, 'Cuerpos de Seguridad', 'Oposiciones para los cuerpos y fuerzas de seguridad del Estado', 0);
INSERT INTO categories
(id, name, description, is_deleted)
VALUES(12, 'Administración', 'Oposiciones relacionadas con puestos de administración para la Administración General del Estado y otros organismos', 0);
INSERT INTO categories
(id, name, description, is_deleted)
VALUES(13, 'Administración de Justicia', 'Oposiciones para la Administración de Justicia', 0);
INSERT INTO categories
(id, name, description, is_deleted)
VALUES(14, 'Sanidad', 'Oposiciones para puestos relacionados con el área de Sanidad', 0);
INSERT INTO categories
(id, name, description, is_deleted)
VALUES(15, 'Educación', 'Oposiciones para puestos relacionados con el área de Educación', 0);
INSERT INTO categories
(id, name, description, is_deleted)
VALUES(16, 'Cuerpos técnicos', 'Oposiciones relacionadas con puestos técnicos dentro de la AGE', 0);
INSERT INTO categories
(id, name, description, is_deleted)
VALUES(17, 'Cuerpos operativos', 'Oposiciones relacionadas con puestos operativos dentro de la AGE', 0);
INSERT INTO categories
(id, name, description, is_deleted)
VALUES(18, 'Sanidad CyL', 'Oposiciones para puestos relacionados con el área de Sanidad en la Comunidad de Castilla y León', 0);
INSERT INTO categories
(id, name, description, is_deleted)
VALUES(19, 'Administración CyL', 'Oposiciones relacionadas con puestos de administración para la Comunidad de Castilla y León', 0);
INSERT INTO categories
(id, name, description, is_deleted)
VALUES(20, 'Administración La Rioja', 'Oposiciones relacionadas con puestos de administración para la Comunidad de La Rioja', 0);
INSERT INTO categories
(id, name, description, is_deleted)
VALUES(21, 'Educación CyL', 'Oposiciones para puestos relacionados con el área de Educación en la Comunidad de Castilla y León', 0);
INSERT INTO categories
(id, name, description, is_deleted)
VALUES(22, 'Sanidad La Rioja', 'Oposiciones para puestos relacionados con el área de Sanidad en la Comunidad de La Rioja', 0);

INSERT INTO public_examinations
(id, name, description, is_deleted, category_id, bulletin_board_id, forum_id)
VALUES(1, 'Auxiliar Administrativo Junta de Castilla y León', 'Preparación de oposiciones para el cuerpo de Auxiliar Administrativo de la Junta de Castilla y León', 0, 2, 1, 1);
INSERT INTO public_examinations
(id, name, description, is_deleted, category_id, bulletin_board_id, forum_id)
VALUES(2, 'Técnico Auxiliar de Informática del Estado', 'Preparación de oposiciones para el cuerpo de Técnico Auxiliar de Informática del Estado', 0, 1, 2, 2);
INSERT INTO public_examinations
(id, name, description, is_deleted, category_id, bulletin_board_id, forum_id)
VALUES(3, 'Administrativo del Estado', 'Preparación de oposiciones para el cuerpo de Administrativo del Estado', 0, 1, 3, 3);
INSERT INTO public_examinations
(id, name, description, is_deleted, category_id, bulletin_board_id, forum_id)
VALUES(4, 'Tramitación Procesal', 'Preparación de oposiciones para el cuerpo de Tramitación Procesal de la Administración de Justicia', 0, 1, 4, 4);
INSERT INTO public_examinations
(id, name, description, is_deleted, category_id, bulletin_board_id, forum_id)
VALUES(5, 'Auxiliar Administrativo SACYL', 'Preparación de oposiciones para el cuerpo de Auxiliar Administrativo del SACYL', 0, 2, 5, 5);
INSERT INTO public_examinations
(id, name, description, is_deleted, category_id, bulletin_board_id, forum_id)
VALUES(6, 'Ingeniero técnico agrícola Junta de Castilla y León', 'Preparación de oposiciones para el cuerpo de Ingenieros Técnicos Agrícolas de Castilla y León', 0, 2, 6, 6);
INSERT INTO public_examinations
(id, name, description, is_deleted, category_id, bulletin_board_id, forum_id)
VALUES(7, 'Maestro La Rioja', 'Preparación de oposiciones para el cuerpo de Maestros de La Rioja', 0, 3, 7, 7);
INSERT INTO public_examinations
(id, name, description, is_deleted, category_id, bulletin_board_id, forum_id)
VALUES(8, 'Resto de oposiciones', 'Oposiciones sin grupo específico', 0, 2, 8, 8);
INSERT INTO public_examinations
(id, name, description, is_deleted, category_id, bulletin_board_id, forum_id)
VALUES(9, 'Oposición para anuncios sin categorizar', 'Oposición oculta para recoger los anuncios no categorizados', 0, 4, 53, 53);
INSERT INTO public_examinations
(id, name, description, is_deleted, category_id, bulletin_board_id, forum_id)
VALUES(10, 'Policía Nacional', 'Preparación de oposiciones para el cuerpo de Policía Nacional', 0, 11, 10, 10);
INSERT INTO public_examinations
(id, name, description, is_deleted, category_id, bulletin_board_id, forum_id)
VALUES(11, 'Policía Local y Municipal', 'Preparación de oposiciones para los cuerpos de Policía Local y Municipal', 0, 11, 11, 11);
INSERT INTO public_examinations
(id, name, description, is_deleted, category_id, bulletin_board_id, forum_id)
VALUES(12, 'Bomberos', 'Preparación de oposiciones para el cuerpo de Bomberos', 0, 11, 12, 12);
INSERT INTO public_examinations
(id, name, description, is_deleted, category_id, bulletin_board_id, forum_id)
VALUES(13, 'Guardia Civil', 'Preparación de oposiciones para el cuerpo de Guardia Civil', 0, 11, 13, 13);
INSERT INTO public_examinations
(id, name, description, is_deleted, category_id, bulletin_board_id, forum_id)
VALUES(14, 'Auxiliar Administrativo', 'Preparación de oposiciones para el cuerpo de Auxiliar Administrativo', 0, 12, 14, 14);
INSERT INTO public_examinations
(id, name, description, is_deleted, category_id, bulletin_board_id, forum_id)
VALUES(15, 'Administrativo', 'Preparación de oposiciones para el cuerpo de Administrativo', 0, 12, 15, 15);
INSERT INTO public_examinations
(id, name, description, is_deleted, category_id, bulletin_board_id, forum_id)
VALUES(16, 'Técnico de gestión', 'Preparación de oposiciones para el cuerpo de Técnico de Gestión', 0, 12, 16, 16);
INSERT INTO public_examinations
(id, name, description, is_deleted, category_id, bulletin_board_id, forum_id)
VALUES(17, 'Superior de Administración General', 'Preparación de oposiciones para el cuerpo Superior de Administración General', 0, 12, 17, 17);
INSERT INTO public_examinations
(id, name, description, is_deleted, category_id, bulletin_board_id, forum_id)
VALUES(18, 'Auxilio Judicial', 'Preparación de oposiciones para el cuerpo de Auxilio Judicial', 0, 13, 18, 18);
INSERT INTO public_examinations
(id, name, description, is_deleted, category_id, bulletin_board_id, forum_id)
VALUES(19, 'Tramitación procesal', 'Preparación de oposiciones para el cuerpo de Tramitación procesal', 0, 13, 19, 19);
INSERT INTO public_examinations
(id, name, description, is_deleted, category_id, bulletin_board_id, forum_id)
VALUES(20, 'Gestión procesal', 'Preparación de oposiciones para el cuerpo de Gestión procesal', 0, 13, 20, 20);
INSERT INTO public_examinations
(id, name, description, is_deleted, category_id, bulletin_board_id, forum_id)
VALUES(21, 'Celador', 'Preparación de oposiciones para el cuerpo de Celador', 0, 14, 21, 21);
INSERT INTO public_examinations
(id, name, description, is_deleted, category_id, bulletin_board_id, forum_id)
VALUES(22, 'TCAE', 'Preparación de oposiciones para el cuerpo de Técnico en Cuidados Auxiliares de Enfermería', 0, 14, 22, 22);
INSERT INTO public_examinations
(id, name, description, is_deleted, category_id, bulletin_board_id, forum_id)
VALUES(23, 'Enfermero', 'Preparación de oposiciones para el cuerpo de Enfermeros', 0, 14, 23, 23);
INSERT INTO public_examinations
(id, name, description, is_deleted, category_id, bulletin_board_id, forum_id)
VALUES(24, 'Medicina', 'Preparación de oposiciones para el cuerpo de Médicos', 0, 14, 24, 24);
INSERT INTO public_examinations
(id, name, description, is_deleted, category_id, bulletin_board_id, forum_id)
VALUES(25, 'Maestros Educación Infantil', 'Preparación de oposiciones para el cuerpo de Maestros de Educación Infantil', 0, 15, 25, 25);
INSERT INTO public_examinations
(id, name, description, is_deleted, category_id, bulletin_board_id, forum_id)
VALUES(26, 'Maestros Educación Primaria', 'Preparación de oposiciones para el cuerpo de Maestros de Educación Primaria', 0, 15, 26, 26);
INSERT INTO public_examinations
(id, name, description, is_deleted, category_id, bulletin_board_id, forum_id)
VALUES(27, 'Profesores Secundaria', 'Preparación de oposiciones para el cuerpo de Profesores de Secundaria', 0, 15, 27, 27);
INSERT INTO public_examinations
(id, name, description, is_deleted, category_id, bulletin_board_id, forum_id)
VALUES(28, 'Informático/Programador', 'Preparación de oposiciones para la AGE en puestos técnicos relacionados con la informática', 0, 16, 28, 28);
INSERT INTO public_examinations
(id, name, description, is_deleted, category_id, bulletin_board_id, forum_id)
VALUES(29, 'Ingeniero/Arquitecto Técnico', 'Preparación de oposiciones para la AGE en puestos técnicos relacionados con ingenierías técnicas', 0, 16, 29, 29);
INSERT INTO public_examinations
(id, name, description, is_deleted, category_id, bulletin_board_id, forum_id)
VALUES(30, 'Trabajador Social', 'Preparación de oposiciones para el cuerpo técnico de Trabajadores Sociales', 0, 16, 30, 30);
INSERT INTO public_examinations
(id, name, description, is_deleted, category_id, bulletin_board_id, forum_id)
VALUES(31, 'Bibliotecario', 'Preparación de oposiciones para el cuerpo técnico de Bibliotecarios', 0, 16, 31, 31);
INSERT INTO public_examinations
(id, name, description, is_deleted, category_id, bulletin_board_id, forum_id)
VALUES(32, 'Conductor', 'Preparación de oposiciones para el cuerpo operativo de Conductores', 0, 17, 32, 32);
INSERT INTO public_examinations
(id, name, description, is_deleted, category_id, bulletin_board_id, forum_id)
VALUES(33, 'Operario de Servicios Múltiples', 'Preparación de oposiciones para el cuerpo operativo de Operarios de Servicios Múltiples', 0, 17, 33, 33);
INSERT INTO public_examinations
(id, name, description, is_deleted, category_id, bulletin_board_id, forum_id)
VALUES(34, 'Limpiador', 'Preparación de oposiciones para el cuerpo operativo de Limpiadores', 0, 17, 34, 34);
INSERT INTO public_examinations
(id, name, description, is_deleted, category_id, bulletin_board_id, forum_id)
VALUES(35, 'Enfermero SACYL', 'Preparación de oposiciones para el cuerpo de Enfermeros en el SACYL', 0, 18, 35, 35);
INSERT INTO public_examinations
(id, name, description, is_deleted, category_id, bulletin_board_id, forum_id)
VALUES(36, 'TCAE SACYL', 'Preparación de oposiciones para el cuerpo de Técnico en Cuidados Auxiliares de Enfermería en el SACYL', 0, 18, 36, 36);
INSERT INTO public_examinations
(id, name, description, is_deleted, category_id, bulletin_board_id, forum_id)
VALUES(37, 'Técnico Superior Sanitario SACYL', 'Preparación de oposiciones para el cuerpo de Técnico Superior Sanitario en el SACYL', 0, 18, 37, 37);
INSERT INTO public_examinations
(id, name, description, is_deleted, category_id, bulletin_board_id, forum_id)
VALUES(38, 'Técnico de Administración General CyL', 'Preparación de oposiciones para el cuerpo de Técnico de Administración General en la Comunidad de Castilla y León', 0, 18, 38, 38);
INSERT INTO public_examinations
(id, name, description, is_deleted, category_id, bulletin_board_id, forum_id)
VALUES(39, 'Superior de Administración General Cyl', 'Preparación de oposiciones para el cuerpo Superior de Administración General en la Comunidad de Castilla y León', 0, 19, 39, 39);
INSERT INTO public_examinations
(id, name, description, is_deleted, category_id, bulletin_board_id, forum_id)
VALUES(40, 'Gestión de Administración General CyL', 'Preparación de oposiciones para el cuerpo de Gestión de Administración General en la Comunidad de Castilla y León', 0, 19, 40, 40);
INSERT INTO public_examinations
(id, name, description, is_deleted, category_id, bulletin_board_id, forum_id)
VALUES(41, 'Auxiliar Administrativo CyL', 'Preparación de oposiciones para el cuerpo de Auxiliar Administrativo en la Comunidad de Castilla y León', 0, 19, 41, 41);
INSERT INTO public_examinations
(id, name, description, is_deleted, category_id, bulletin_board_id, forum_id)
VALUES(42, 'Maestros Educación Infantil CyL', 'Preparación de oposiciones para el cuerpo de Maestros de Educación Infantil en la Comunidad de Castilla y León', 0, 21, 42, 42);
INSERT INTO public_examinations
(id, name, description, is_deleted, category_id, bulletin_board_id, forum_id)
VALUES(43, 'Maestros Educación Primaria CyL', 'Preparación de oposiciones para el cuerpo de Maestros de Educación Primaria en la Comunidad de Castilla y León', 0, 21, 43, 43);
INSERT INTO public_examinations
(id, name, description, is_deleted, category_id, bulletin_board_id, forum_id)
VALUES(44, 'Profesores Secundaria CyL', 'Preparación de oposiciones para el cuerpo de Profesores de Secundaria', 0, 21, 44, 44);
INSERT INTO public_examinations
(id, name, description, is_deleted, category_id, bulletin_board_id, forum_id)
VALUES(45, 'Superior de Administración General La Rioja', 'Preparación de oposiciones para el cuerpo Superior de Administración General en la Comunidad de La Rioja', 0, 21, 45, 45);
INSERT INTO public_examinations
(id, name, description, is_deleted, category_id, bulletin_board_id, forum_id)
VALUES(46, 'Gestión de Administración General La Rioja', 'Preparación de oposiciones para el cuerpo de Gestión de Administración General en la Comunidad de La Rioja', 0, 20, 46, 46);
INSERT INTO public_examinations
(id, name, description, is_deleted, category_id, bulletin_board_id, forum_id)
VALUES(47, 'Auxiliar Administrativo La Rioja', 'Preparación de oposiciones para el cuerpo de Auxiliar Administrativo en la Comunidad de La Rioja', 0, 20, 47, 47);
INSERT INTO public_examinations
(id, name, description, is_deleted, category_id, bulletin_board_id, forum_id)
VALUES(48, 'Educador Social', 'Preparación de oposiciones para el cuerpo de Educadores Sociales', 0, 16, 48, 48);
INSERT INTO public_examinations
(id, name, description, is_deleted, category_id, bulletin_board_id, forum_id)
VALUES(49, 'Personal de Servicios Sociales', 'Preparación de oposiciones para el cuerpo de Personal de Servicios Sociales', 0, 16, 49, 49);
INSERT INTO public_examinations
(id, name, description, is_deleted, category_id, bulletin_board_id, forum_id)
VALUES(50, 'Técnico de Medio Ambiente', 'Preparación de oposiciones para el cuerpo de Técnicos de Medio Ambiente', 0, 16, 50, 50);
INSERT INTO public_examinations
(id, name, description, is_deleted, category_id, bulletin_board_id, forum_id)
VALUES(51, 'Agente Medioambiental', 'Preparación de oposiciones para el cuerpo de Agentes Medioambientales', 0, 16, 51, 51);
INSERT INTO public_examinations
(id, name, description, is_deleted, category_id, bulletin_board_id, forum_id)
VALUES(52, 'Resto de oposiciones', 'Preparación de otras oposiciones no presentes en el listado actual', 0, 4, 52, 52);
INSERT INTO public_examinations
(id, name, description, is_deleted, category_id, bulletin_board_id, forum_id)
VALUES(53, 'Medicina La Rioja', 'Preparación de oposiciones para el cuerpo de Médicos en la Comunidad de La Rioja', 0, 22, 54, 54);

INSERT INTO roles
(id, name)
VALUES(1, 'SUPER_ADMIN');
INSERT INTO roles
(id, name)
VALUES(2, 'ADMIN');
INSERT INTO roles
(id, name)
VALUES(3, 'MODERATOR');
INSERT INTO roles
(id, name)
VALUES(4, 'STUDENT');
INSERT INTO roles
(id, name)
VALUES(6, 'PROFESSOR');

INSERT INTO permissions
(id, name)
VALUES(1, 'ROOT');
INSERT INTO permissions
(id, name)
VALUES(3, 'USER_READ');
INSERT INTO permissions
(id, name)
VALUES(4, 'USER_CREATE');
INSERT INTO permissions
(id, name)
VALUES(5, 'USER_UPDATE');
INSERT INTO permissions
(id, name)
VALUES(6, 'USER_DELETE');
INSERT INTO permissions
(id, name)
VALUES(7, 'STUDENT_READ');
INSERT INTO permissions
(id, name)
VALUES(8, 'STUDENT_CREATE');
INSERT INTO permissions
(id, name)
VALUES(9, 'STUDENT_UPDATE');
INSERT INTO permissions
(id, name)
VALUES(10, 'STUDENT_DELETE');
INSERT INTO permissions
(id, name)
VALUES(11, 'MODERATION_READ');
INSERT INTO permissions
(id, name)
VALUES(12, 'MODERATION_CREATE');
INSERT INTO permissions
(id, name)
VALUES(13, 'MODERATION_UPDATE');
INSERT INTO permissions
(id, name)
VALUES(14, 'MODERATION_DELETE');
INSERT INTO permissions
(id, name)
VALUES(15, 'ADMINISTRATION_READ');
INSERT INTO permissions
(id, name)
VALUES(16, 'ADMINISTRATION_CREATE');
INSERT INTO permissions
(id, name)
VALUES(17, 'ADMINISTRATION_UPDATE');
INSERT INTO permissions
(id, name)
VALUES(18, 'ADMINISTRATION_DELETE');
INSERT INTO permissions
(id, name)
VALUES(19, 'PROFESSOR_READ');
INSERT INTO permissions
(id, name)
VALUES(20, 'PROFESSOR_CREATE');
INSERT INTO permissions
(id, name)
VALUES(21, 'PROFESSOR_UPDATE');
INSERT INTO permissions
(id, name)
VALUES(22, 'PROFESSOR_DELETE');

INSERT INTO roles_permissions
(role_id, permission_id)
VALUES(1, 1);
INSERT INTO roles_permissions
(role_id, permission_id)
VALUES(1, 3);
INSERT INTO roles_permissions
(role_id, permission_id)
VALUES(2, 3);
INSERT INTO roles_permissions
(role_id, permission_id)
VALUES(3, 3);
INSERT INTO roles_permissions
(role_id, permission_id)
VALUES(4, 3);
INSERT INTO roles_permissions
(role_id, permission_id)
VALUES(6, 3);
INSERT INTO roles_permissions
(role_id, permission_id)
VALUES(1, 4);
INSERT INTO roles_permissions
(role_id, permission_id)
VALUES(2, 4);
INSERT INTO roles_permissions
(role_id, permission_id)
VALUES(3, 4);
INSERT INTO roles_permissions
(role_id, permission_id)
VALUES(4, 4);
INSERT INTO roles_permissions
(role_id, permission_id)
VALUES(6, 4);
INSERT INTO roles_permissions
(role_id, permission_id)
VALUES(1, 5);
INSERT INTO roles_permissions
(role_id, permission_id)
VALUES(2, 5);
INSERT INTO roles_permissions
(role_id, permission_id)
VALUES(3, 5);
INSERT INTO roles_permissions
(role_id, permission_id)
VALUES(4, 5);
INSERT INTO roles_permissions
(role_id, permission_id)
VALUES(6, 5);
INSERT INTO roles_permissions
(role_id, permission_id)
VALUES(1, 6);
INSERT INTO roles_permissions
(role_id, permission_id)
VALUES(2, 6);
INSERT INTO roles_permissions
(role_id, permission_id)
VALUES(3, 6);
INSERT INTO roles_permissions
(role_id, permission_id)
VALUES(4, 6);
INSERT INTO roles_permissions
(role_id, permission_id)
VALUES(6, 6);
INSERT INTO roles_permissions
(role_id, permission_id)
VALUES(1, 7);
INSERT INTO roles_permissions
(role_id, permission_id)
VALUES(4, 7);
INSERT INTO roles_permissions
(role_id, permission_id)
VALUES(1, 8);
INSERT INTO roles_permissions
(role_id, permission_id)
VALUES(4, 8);
INSERT INTO roles_permissions
(role_id, permission_id)
VALUES(1, 9);
INSERT INTO roles_permissions
(role_id, permission_id)
VALUES(4, 9);
INSERT INTO roles_permissions
(role_id, permission_id)
VALUES(1, 10);
INSERT INTO roles_permissions
(role_id, permission_id)
VALUES(4, 10);
INSERT INTO roles_permissions
(role_id, permission_id)
VALUES(1, 11);
INSERT INTO roles_permissions
(role_id, permission_id)
VALUES(3, 11);
INSERT INTO roles_permissions
(role_id, permission_id)
VALUES(1, 12);
INSERT INTO roles_permissions
(role_id, permission_id)
VALUES(3, 12);
INSERT INTO roles_permissions
(role_id, permission_id)
VALUES(1, 13);
INSERT INTO roles_permissions
(role_id, permission_id)
VALUES(3, 13);
INSERT INTO roles_permissions
(role_id, permission_id)
VALUES(1, 14);
INSERT INTO roles_permissions
(role_id, permission_id)
VALUES(3, 14);
INSERT INTO roles_permissions
(role_id, permission_id)
VALUES(1, 15);
INSERT INTO roles_permissions
(role_id, permission_id)
VALUES(2, 15);
INSERT INTO roles_permissions
(role_id, permission_id)
VALUES(1, 16);
INSERT INTO roles_permissions
(role_id, permission_id)
VALUES(2, 16);
INSERT INTO roles_permissions
(role_id, permission_id)
VALUES(1, 17);
INSERT INTO roles_permissions
(role_id, permission_id)
VALUES(2, 17);
INSERT INTO roles_permissions
(role_id, permission_id)
VALUES(1, 18);
INSERT INTO roles_permissions
(role_id, permission_id)
VALUES(2, 18);
INSERT INTO roles_permissions
(role_id, permission_id)
VALUES(1, 19);
INSERT INTO roles_permissions
(role_id, permission_id)
VALUES(6, 19);
INSERT INTO roles_permissions
(role_id, permission_id)
VALUES(1, 20);
INSERT INTO roles_permissions
(role_id, permission_id)
VALUES(6, 20);
INSERT INTO roles_permissions
(role_id, permission_id)
VALUES(1, 21);
INSERT INTO roles_permissions
(role_id, permission_id)
VALUES(6, 21);
INSERT INTO roles_permissions
(role_id, permission_id)
VALUES(1, 22);
INSERT INTO roles_permissions
(role_id, permission_id)
VALUES(6, 22);

INSERT INTO announcements_classification_keywords
(id, main_tags, secondary_tags, exclusion_tags, public_examination_id)
VALUES(10, 'policia nacional,escala basica policia,escala ejecutiva policia,cuerpo nacional policia', 'cnp,escala superior policia,subinspeccion,inspector policia', 'policia local,policia municipal,guardia civil,policia autonomica,mossos,ertzaintza', 10);
INSERT INTO announcements_classification_keywords
(id, main_tags, secondary_tags, exclusion_tags, public_examination_id)
VALUES(11, 'guardia civil,escala cabos guardias,guardia civil escala', 'cuerpo guardia civil,plaza guardia civil,escala suboficiales guardia', 'policia nacional,policia local,policia municipal,cnp', 13);
INSERT INTO announcements_classification_keywords
(id, main_tags, secondary_tags, exclusion_tags, public_examination_id)
VALUES(12, 'policia local,policia municipal,agente policia local', 'plaza policia municipal,cabo policia local,oficial policia local', 'policia nacional,guardia civil,policia autonomica', 11);
INSERT INTO announcements_classification_keywords
(id, main_tags, secondary_tags, exclusion_tags, public_examination_id)
VALUES(13, 'bombero,conductor bombero,cabo bombero', 'plaza bombero,sargento bombero,oficial bombero', 'policia,guardia,proteccion civil', 12);
INSERT INTO announcements_classification_keywords
(id, main_tags, secondary_tags, exclusion_tags, public_examination_id)
VALUES(14, 'auxiliar administrativo,auxiliar administracion general,escala auxiliar administrativa', 'grupo c2 administrativo,subgrupo c2 auxiliar,plaza auxiliar administrativo, auxiliar', 'administrativo grupo c1,tecnico administrativo,gestion administrativa,tramitacion procesal,auxilio judicial', 14);
INSERT INTO announcements_classification_keywords
(id, main_tags, secondary_tags, exclusion_tags, public_examination_id)
VALUES(15, 'administrativo grupo c1,cuerpo administrativo,escala administrativa grupo c1,administrativo administracion general', 'subgrupo c1 administrativo,gestion administrativa,plaza administrativo c1, administrativo', 'auxiliar administrativo,tecnico administrativo,gestion procesal,tramitacion procesal,grupo a', 15);
INSERT INTO announcements_classification_keywords
(id, main_tags, secondary_tags, exclusion_tags, public_examination_id)
VALUES(16, 'tecnico gestion,tecnico administracion general,grupo a2 gestion,escala gestion', 'subgrupo a2 tecnico,tecnico superior gestion,gestor administracion', 'superior administracion,grupo a1,tecnico medio,grupo c', 16);
INSERT INTO announcements_classification_keywords
(id, main_tags, secondary_tags, exclusion_tags, public_examination_id)
VALUES(17, 'superior administracion general,tecnico superior administracion,grupo a1 administracion,escala superior administracion', 'subgrupo a1 administracion,superior gestion,licenciado administracion', 'tecnico gestion,grupo a2,grupo c,tecnico medio', 17);
INSERT INTO announcements_classification_keywords
(id, main_tags, secondary_tags, exclusion_tags, public_examination_id)
VALUES(18, 'auxilio judicial,cuerpo auxilio judicial,escala auxilio judicial', 'plaza auxilio judicial,auxiliar administracion justicia', 'tramitacion procesal,gestion procesal,medico forense,administrativo', 18);
INSERT INTO announcements_classification_keywords
(id, main_tags, secondary_tags, exclusion_tags, public_examination_id)
VALUES(19, 'tramitacion procesal,cuerpo tramitacion procesal,escala tramitacion procesal administrativa', 'plaza tramitacion procesal,tramitacion administracion justicia', 'gestion procesal,auxilio judicial,medico forense', 19);
INSERT INTO announcements_classification_keywords
(id, main_tags, secondary_tags, exclusion_tags, public_examination_id)
VALUES(20, 'gestion procesal,cuerpo gestion procesal,escala gestion procesal administrativa', 'plaza gestion procesal,gestion administracion justicia', 'tramitacion procesal,auxilio judicial,superior administracion', 20);
INSERT INTO announcements_classification_keywords
(id, main_tags, secondary_tags, exclusion_tags, public_examination_id)
VALUES(21, 'celador,celador sanitario,plaza celador', 'personal celador,celador instituciones sanitarias,celador servicio salud', 'tcae,auxiliar enfermeria,enfermero,sanitario titulado', 21);
INSERT INTO announcements_classification_keywords
(id, main_tags, secondary_tags, exclusion_tags, public_examination_id)
VALUES(22, 'tcae,tecnico cuidados auxiliares enfermeria,auxiliar enfermeria', 'tecnico auxiliar enfermeria,auxiliar sanitario,plaza tcae', 'enfermero,celador,medico,fisioterapeuta', 22);
INSERT INTO announcements_classification_keywords
(id, main_tags, secondary_tags, exclusion_tags, public_examination_id)
VALUES(23, 'enfermero,enfermera,diplomado enfermeria,graduado enfermeria,enfermero/a', 'plaza enfermero,due,enfermeria servicio salud,especialista', 'tcae,auxiliar enfermeria,celador,medico,matrona', 23);
INSERT INTO announcements_classification_keywords
(id, main_tags, secondary_tags, exclusion_tags, public_examination_id)
VALUES(24, 'medico familia,facultativo medicina familia,medico atencion primaria', 'especialista medicina familiar,medico eap,plaza medico familia', 'pediatra,cirujano,radiologo,cardiologo,enfermero,tcae', 24);
INSERT INTO announcements_classification_keywords
(id, main_tags, secondary_tags, exclusion_tags, public_examination_id)
VALUES(25, 'maestro educacion infantil,maestro infantil,profesor educacion infantil, cuerpo de maestros', 'plaza maestro infantil,docente infantil, educación', 'maestro primaria,profesor secundaria,profesor universidad,educador infantil', 25);
INSERT INTO announcements_classification_keywords
(id, main_tags, secondary_tags, exclusion_tags, public_examination_id)
VALUES(26, 'maestro educacion primaria,maestro primaria,profesor educacion primaria, cuerpo de maestros', 'plaza maestro primaria,docente primaria, educación', 'maestro infantil,profesor secundaria,profesor universidad', 26);
INSERT INTO announcements_classification_keywords
(id, main_tags, secondary_tags, exclusion_tags, public_examination_id)
VALUES(27, 'profesor secundaria,profesor educacion secundaria,catedratico secundaria', 'eso bachillerato,profesor instituto,docente secundaria, educación', 'maestro primaria,maestro infantil,profesor universidad', 27);
INSERT INTO announcements_classification_keywords
(id, main_tags, secondary_tags, exclusion_tags, public_examination_id)
VALUES(28, 'tecnico informatica,informatico,programador,analista programador', 'tecnico sistemas,administrador sistemas,plaza informatico,tecnico superior informatica', 'auxiliar informatica,operario informatica', 28);
INSERT INTO announcements_classification_keywords
(id, main_tags, secondary_tags, exclusion_tags, public_examination_id)
VALUES(29, 'ingeniero tecnico,arquitecto tecnico,aparejador,ingeniero obras publicas', 'tecnico obras,ingeniero caminos,plaza ingeniero tecnico', 'ingeniero superior,arquitecto superior,delineante,peon obras', 29);
INSERT INTO announcements_classification_keywords
(id, main_tags, secondary_tags, exclusion_tags, public_examination_id)
VALUES(30, 'trabajador social,trabajadora social,diplomado trabajo social', 'plaza trabajador social,asistente social,graduado trabajo social', 'educador social,psicologo,monitor', 30);
INSERT INTO announcements_classification_keywords
(id, main_tags, secondary_tags, exclusion_tags, public_examination_id)
VALUES(31, 'bibliotecario,facultativo bibliotecas,tecnico bibliotecas', 'plaza bibliotecario,ayudante bibliotecas,archivero bibliotecario', 'auxiliar bibliotecas,archivero,documentalista', 31);
INSERT INTO announcements_classification_keywords
(id, main_tags, secondary_tags, exclusion_tags, public_examination_id)
VALUES(32, 'conductor,conductor vehiculos,conductor mecanico', 'plaza conductor,operario conductor,conductor limpieza', 'peon,operario servicios multiples,mecanico', 32);
INSERT INTO announcements_classification_keywords
(id, main_tags, secondary_tags, exclusion_tags, public_examination_id)
VALUES(33, 'operario servicios multiples,oficial servicios multiples,peon servicios multiples', 'plaza operario multiples,trabajador servicios multiples,operario mantenimiento', 'conductor,peon limpieza,oficial primera,jardinero', 33);
INSERT INTO announcements_classification_keywords
(id, main_tags, secondary_tags, exclusion_tags, public_examination_id)
VALUES(34, 'limpiador,personal limpieza,operario limpieza', 'plaza limpiador,peon limpieza,oficial limpieza', 'operario servicios multiples,conductor,celador', 34);
INSERT INTO announcements_classification_keywords
(id, main_tags, secondary_tags, exclusion_tags, public_examination_id)
VALUES(35, 'enfermero sacyl,enfermera servicio salud castilla leon,personal estatutario enfermeria castilla', 'due sacyl,gerencia regional salud enfermeria,plaza enfermero castilla leon', 'tcae,auxiliar enfermeria,celador,medico,rioja,servicio salud madrid', 35);
INSERT INTO announcements_classification_keywords
(id, main_tags, secondary_tags, exclusion_tags, public_examination_id)
VALUES(36, 'tcae sacyl,auxiliar enfermeria servicio salud castilla leon,tecnico cuidados sacyl', 'personal estatutario tcae castilla,gerencia regional salud tcae', 'enfermero,celador,rioja,servicio salud madrid', 36);
INSERT INTO announcements_classification_keywords
(id, main_tags, secondary_tags, exclusion_tags, public_examination_id)
VALUES(37, 'tecnico superior anatomia patologica sacyl,tecnico superior higiene bucodental sacyl,tecnico superior radiodiagnostico sacyl', 'personal estatutario tecnico superior castilla leon,gerencia regional salud tecnico superior', 'tcae,auxiliar,enfermero,celador', 37);
INSERT INTO announcements_classification_keywords
(id, main_tags, secondary_tags, exclusion_tags, public_examination_id)
VALUES(38, 'tecnico administracion general castilla leon,cuerpo tecnico junta castilla leon,grupo a2 junta castilla', 'tecnico gestion junta castilla,subgrupo a2 comunidad castilla leon', 'superior administracion general,auxiliar,grupo c1,ayuntamiento,diputacion', 38);
INSERT INTO announcements_classification_keywords
(id, main_tags, secondary_tags, exclusion_tags, public_examination_id)
VALUES(39, 'superior administracion general castilla leon,cuerpo superior junta castilla leon,grupo a1 junta castilla', 'subgrupo a1 comunidad castilla leon,licenciado junta castilla', 'tecnico administracion,grupo a2,auxiliar,ayuntamiento,diputacion', 39);
INSERT INTO announcements_classification_keywords
(id, main_tags, secondary_tags, exclusion_tags, public_examination_id)
VALUES(40, 'gestion administracion general castilla leon,cuerpo gestion junta castilla leon,grupo c1 junta castilla', 'administrativo junta castilla leon,subgrupo c1 comunidad castilla', 'auxiliar administrativo,tecnico administracion,grupo a2,ayuntamiento,diputacion', 40);
INSERT INTO announcements_classification_keywords
(id, main_tags, secondary_tags, exclusion_tags, public_examination_id)
VALUES(41, 'auxiliar administracion general castilla leon,cuerpo auxiliar junta castilla leon,grupo c2 junta castilla', 'subgrupo c2 comunidad castilla leon,auxiliar administrativo junta castilla', 'administrativo grupo c1,tecnico administracion,ayuntamiento,diputacion', 41);
INSERT INTO announcements_classification_keywords
(id, main_tags, secondary_tags, exclusion_tags, public_examination_id)
VALUES(42, 'superior administracion general rioja,cuerpo superior gobierno rioja,grupo a1 comunidad rioja', 'subgrupo a1 rioja,licenciado gobierno rioja', 'tecnico administracion,grupo a2,ayuntamiento,diputacion,castilla leon', 45);
INSERT INTO announcements_classification_keywords
(id, main_tags, secondary_tags, exclusion_tags, public_examination_id)
VALUES(43, 'gestion administracion general rioja,cuerpo gestion gobierno rioja,grupo c1 comunidad rioja', 'administrativo gobierno rioja,subgrupo c1 rioja', 'auxiliar administrativo,tecnico administracion,ayuntamiento,diputacion,castilla leon', 46);
INSERT INTO announcements_classification_keywords
(id, main_tags, secondary_tags, exclusion_tags, public_examination_id)
VALUES(44, 'auxiliar administracion general rioja,cuerpo auxiliar rioja,grupo c2 junta rioja', 'subgrupo c2 comunidad rioja,auxiliar administrativo junta rioja', 'administrativo grupo c1,tecnico administracion,ayuntamiento,diputacion', 47);
INSERT INTO announcements_classification_keywords
(id, main_tags, secondary_tags, exclusion_tags, public_examination_id)
VALUES(45, 'profesor secundaria castilla leon,docente secundaria junta castilla,catedratico secundaria castilla', 'eso bachillerato castilla leon,profesor instituto castilla leon', 'maestro primaria,maestro infantil,profesor universidad,madrid,rioja', 44);
INSERT INTO announcements_classification_keywords
(id, main_tags, secondary_tags, exclusion_tags, public_examination_id)
VALUES(46, 'maestro infantil castilla leon,maestro educacion infantil junta castilla', 'docente infantil castilla leon,plaza maestro infantil castilla', 'maestro primaria,profesor secundaria,madrid,rioja', 42);
INSERT INTO announcements_classification_keywords
(id, main_tags, secondary_tags, exclusion_tags, public_examination_id)
VALUES(47, 'maestro primaria castilla leon,maestro educacion primaria junta castilla', 'docente primaria castilla leon,plaza maestro primaria castilla', 'maestro infantil,profesor secundaria,madrid,rioja', 43);
INSERT INTO announcements_classification_keywords
(id, main_tags, secondary_tags, exclusion_tags, public_examination_id)
VALUES(48, 'educador social,educadora social,tecnico educacion social', 'plaza educador social,tecnico superior educacion social', 'trabajador social,psicologo,monitor,maestro', 48);
INSERT INTO announcements_classification_keywords
(id, main_tags, secondary_tags, exclusion_tags, public_examination_id)
VALUES(49, 'tecnico servicios sociales,diplomado trabajo social,graduado trabajo social', 'trabajador social servicios sociales,asistente social', 'educador social,psicologo,auxiliar ayuda domicilio', 49);
INSERT INTO announcements_classification_keywords
(id, main_tags, secondary_tags, exclusion_tags, public_examination_id)
VALUES(50, 'tecnico medio ambiente,ingeniero tecnico forestal,tecnico forestal', 'tecnico gestion ambiental,ingeniero montes,agente medioambiental', 'ingeniero superior,peon forestal,jardinero', 50);
INSERT INTO announcements_classification_keywords
(id, main_tags, secondary_tags, exclusion_tags, public_examination_id)
VALUES(51, 'agente medioambiental,agente forestal,guarda forestal', 'celador medioambiental,vigilante medioambiental', 'ingeniero montes,tecnico forestal,peon forestal', 51);
INSERT INTO announcements_classification_keywords
(id, main_tags, secondary_tags, exclusion_tags, public_examination_id)
VALUES(52, '', 'libre designación, concurso de traslados, relación definitiva de aspirantes, sistema general de acceso libre, acceso a plazas', 'administrativo, fuerzas de seguridad del estado, sanidad', 52);
INSERT INTO announcements_classification_keywords
(id, main_tags, secondary_tags, exclusion_tags, public_examination_id)
VALUES(53, 'facultativo especialista,medicina,rioja', 'area,salud', 'estado,educacion', 53);

-- Mock data --